{
   "task_id": "10002019122714015075001",
   "task_type": "TASK_TYPE_FACE",
   "capture_time": "2020-03-03T02:58:53Z",
   "panorama": {
    "format": "IMAGE_JPEG",
    "data": null,
    "url": "2,1bf091d64448"
   },
   "capture_result": {
    "face": {
     "rectangle": {
      "vertices": [
       {
        "x": 21,
        "y": 254
       },
       {
        "x": 197,
        "y": 422
       }
      ]
     },
     "portrait": {
      "format": "IMAGE_JPEG",
      "data": null,
      "url": "3,1bf1eb468be5"
     },
     "feature": null,
     "quality": 0.5767602,
     "attributes": {
      "age": "36",
      "gender": "MALE"
     },
     "db_id": "",
     "score": 0,
     "most_similar_user": null
    }
  }
}